seed,condition,epoch,phase,burst,task_count,closed,closure_rate_bps,operational_debt_auc,cost_to_close_units,validation_failures,parse_failures,retries,unresolved_obligations,attempts,char_budget,latency_ms,active_mutation_ids,active_mutation_epoch_count,hard_floor_regression_count,rollback_failures
20260509,oasg_adaptive_from_strong,4,longrun_eval,schema_drift,8,5,6250,6,16895,3,0,0,3,8,1526,73737,[],0,0,0
20260509,oasg_adaptive_from_strong,5,longrun_eval,validator_burst,8,5,6250,6,16627,3,0,0,3,8,1572,70602,[],0,0,0
20260509,oasg_adaptive_from_strong,6,longrun_eval,context_budget_burst,8,5,6250,6,21990,3,0,0,3,8,1850,121442,[],0,0,0
20260509,oasg_adaptive_from_strong,7,longrun_eval,receipt_family_burst,8,6,7500,4,18239,2,0,0,2,8,1657,85845,[],0,0,0
20260509,oasg_adaptive_from_strong,8,longrun_eval,safe_expression_burst,8,6,7500,4,19477,2,0,0,2,8,1702,97778,[],0,0,0
20260509,oasg_adaptive_from_strong,9,longrun_eval,recovery,8,6,7500,4,16761,2,0,0,2,8,1572,71924,[],0,0,0
20260509,oasg_adaptive_from_strong,10,longrun_eval,schema_drift,8,5,6250,6,16872,3,0,0,3,8,1575,73001,[],0,0,0
20260509,oasg_adaptive_from_strong,11,longrun_eval,validator_burst,8,6,7500,4,18316,2,0,0,2,8,1619,87004,[],0,0,0
20260509,oasg_adaptive_from_strong,12,longrun_eval,context_budget_burst,8,6,7500,4,17382,2,0,0,2,8,1539,78478,[],0,0,0
20260509,oasg_adaptive_from_strong,13,longrun_eval,receipt_family_burst,8,6,7500,4,19750,2,0,0,2,8,1695,100570,[],0,0,0
20260509,oasg_adaptive_from_strong,14,longrun_eval,safe_expression_burst,8,5,6250,6,18162,3,0,0,3,8,1611,85558,[],0,0,0
20260509,oasg_adaptive_from_strong,15,longrun_eval,recovery,8,5,6250,6,21576,3,0,0,3,8,1803,117767,[],0,0,0
20260509,oasg_adaptive_from_strong,16,longrun_eval,schema_drift,8,6,7500,4,16839,2,0,0,2,8,1578,72644,[],0,0,0
20260509,oasg_adaptive_from_strong,17,longrun_eval,validator_burst,8,6,7500,4,18874,2,0,0,2,8,1629,92492,[],0,0,0
20260509,oasg_adaptive_from_strong,18,longrun_eval,context_budget_burst,8,5,6250,6,23420,3,0,0,3,8,1835,135877,[],0,0,0
20260509,oasg_adaptive_from_strong,19,longrun_eval,receipt_family_burst,8,6,7500,4,17977,2,0,0,2,8,1711,82716,[],0,0,0
20260509,oasg_adaptive_from_strong,20,longrun_eval,safe_expression_burst,8,6,7500,4,18413,2,0,0,2,8,1615,88025,[],0,0,0
20260509,strong_positive_control,4,longrun_eval,schema_drift,8,5,6250,6,16803,3,0,0,3,8,1526,72798,[],0,0,0
20260509,strong_positive_control,5,longrun_eval,validator_burst,8,5,6250,6,16597,3,0,0,3,8,1572,70287,[],0,0,0
20260509,strong_positive_control,6,longrun_eval,context_budget_burst,8,5,6250,6,22017,3,0,0,3,8,1850,121708,[],0,0,0
20260509,strong_positive_control,7,longrun_eval,receipt_family_burst,8,6,7500,4,18251,2,0,0,2,8,1657,85959,[],0,0,0
20260509,strong_positive_control,8,longrun_eval,safe_expression_burst,8,6,7500,4,19438,2,0,0,2,8,1702,97380,[],0,0,0
20260509,strong_positive_control,9,longrun_eval,recovery,8,6,7500,4,16830,2,0,0,2,8,1572,72617,[],0,0,0
20260509,strong_positive_control,10,longrun_eval,schema_drift,8,5,6250,6,16907,3,0,0,3,8,1575,73346,[],0,0,0
20260509,strong_positive_control,11,longrun_eval,validator_burst,8,6,7500,4,18371,2,0,0,2,8,1619,87551,[],0,0,0
20260509,strong_positive_control,12,longrun_eval,context_budget_burst,8,6,7500,4,17346,2,0,0,2,8,1539,78106,[],0,0,0
20260509,strong_positive_control,13,longrun_eval,receipt_family_burst,8,6,7500,4,19728,2,0,0,2,8,1695,100380,[],0,0,0
20260509,strong_positive_control,14,longrun_eval,safe_expression_burst,8,5,6250,6,18177,3,0,0,3,8,1611,85713,[],0,0,0
20260509,strong_positive_control,15,longrun_eval,recovery,8,5,6250,6,21665,3,0,0,3,8,1803,118657,[],0,0,0
20260509,strong_positive_control,16,longrun_eval,schema_drift,8,6,7500,4,16831,2,0,0,2,8,1578,72554,[],0,0,0
20260509,strong_positive_control,17,longrun_eval,validator_burst,8,6,7500,4,18861,2,0,0,2,8,1629,92359,[],0,0,0
20260509,strong_positive_control,18,longrun_eval,context_budget_burst,8,5,6250,6,23362,3,0,0,3,8,1835,135306,[],0,0,0
20260509,strong_positive_control,19,longrun_eval,receipt_family_burst,8,6,7500,4,17991,2,0,0,2,8,1711,82826,[],0,0,0
20260509,strong_positive_control,20,longrun_eval,safe_expression_burst,8,6,7500,4,19530,2,0,0,2,8,1615,99196,[],0,0,0
20260509,strong_rule_adaptive_control,4,longrun_eval,schema_drift,8,5,6250,6,16868,3,0,0,3,8,1526,73463,[],0,0,0
20260509,strong_rule_adaptive_control,5,longrun_eval,validator_burst,8,5,6250,6,16546,3,0,0,3,8,1572,69791,[],0,0,0
20260509,strong_rule_adaptive_control,6,longrun_eval,context_budget_burst,8,5,6250,6,21989,3,0,0,3,8,1850,121414,[],0,0,0
20260509,strong_rule_adaptive_control,7,longrun_eval,receipt_family_burst,8,6,7500,4,18240,2,0,0,2,8,1657,85863,[],0,0,0
20260509,strong_rule_adaptive_control,8,longrun_eval,safe_expression_burst,8,6,7500,4,19478,2,0,0,2,8,1702,97790,[],0,0,0
20260509,strong_rule_adaptive_control,9,longrun_eval,recovery,8,6,7500,4,16792,2,0,0,2,8,1572,72236,[],0,0,0
20260509,strong_rule_adaptive_control,10,longrun_eval,schema_drift,8,5,6250,6,16856,3,0,0,3,8,1575,72857,[],0,0,0
20260509,strong_rule_adaptive_control,11,longrun_eval,validator_burst,8,6,7500,4,18351,2,0,0,2,8,1619,87350,[],0,0,0
20260509,strong_rule_adaptive_control,12,longrun_eval,context_budget_burst,8,6,7500,4,17683,2,0,0,2,8,1539,81493,[],0,0,0
20260509,strong_rule_adaptive_control,13,longrun_eval,receipt_family_burst,8,6,7500,4,19743,2,0,0,2,8,1695,100509,[],0,0,0
20260509,strong_rule_adaptive_control,14,longrun_eval,safe_expression_burst,8,5,6250,6,18168,3,0,0,3,8,1611,85609,[],0,0,0
20260509,strong_rule_adaptive_control,15,longrun_eval,recovery,8,5,6250,6,21592,3,0,0,3,8,1803,117924,[],0,0,0
20260509,strong_rule_adaptive_control,16,longrun_eval,schema_drift,8,6,7500,4,16830,2,0,0,2,8,1578,72564,[],0,0,0
20260509,strong_rule_adaptive_control,17,longrun_eval,validator_burst,8,6,7500,4,18916,2,0,0,2,8,1629,92909,[],0,0,0
20260509,strong_rule_adaptive_control,18,longrun_eval,context_budget_burst,8,5,6250,6,23307,3,0,0,3,8,1835,134759,[],0,0,0
20260509,strong_rule_adaptive_control,19,longrun_eval,receipt_family_burst,8,6,7500,4,17946,2,0,0,2,8,1711,82385,[],0,0,0
20260509,strong_rule_adaptive_control,20,longrun_eval,safe_expression_burst,8,6,7500,4,18395,2,0,0,2,8,1615,87838,[],0,0,0
20260509,strong_static_calibrated,4,longrun_eval,schema_drift,8,5,6250,6,17682,3,0,0,3,8,1526,81586,[],0,0,0
20260509,strong_static_calibrated,5,longrun_eval,validator_burst,8,5,6250,6,17560,3,0,0,3,8,1572,79913,[],0,0,0
20260509,strong_static_calibrated,6,longrun_eval,context_budget_burst,8,5,6250,6,23213,3,0,0,3,8,1850,133666,[],0,0,0
20260509,strong_static_calibrated,7,longrun_eval,receipt_family_burst,8,6,7500,4,18614,2,0,0,2,8,1657,89624,[],0,0,0
20260509,strong_static_calibrated,8,longrun_eval,safe_expression_burst,8,6,7500,4,19609,2,0,0,2,8,1702,99116,[],0,0,0
20260509,strong_static_calibrated,9,longrun_eval,recovery,8,6,7500,4,16901,2,0,0,2,8,1572,73323,[],0,0,0
20260509,strong_static_calibrated,10,longrun_eval,schema_drift,8,5,6250,6,17093,3,0,0,3,8,1575,75213,[],0,0,0
20260509,strong_static_calibrated,11,longrun_eval,validator_burst,8,6,7500,4,18529,2,0,0,2,8,1619,89141,[],0,0,0
20260509,strong_static_calibrated,12,longrun_eval,context_budget_burst,8,6,7500,4,17451,2,0,0,2,8,1539,79159,[],0,0,0
20260509,strong_static_calibrated,13,longrun_eval,receipt_family_burst,8,6,7500,4,20014,2,0,0,2,8,1695,103227,[],0,0,0
20260509,strong_static_calibrated,14,longrun_eval,safe_expression_burst,8,5,6250,6,18350,3,0,0,3,8,1611,87434,[],0,0,0
20260509,strong_static_calibrated,15,longrun_eval,recovery,8,5,6250,6,21862,3,0,0,3,8,1803,120617,[],0,0,0
20260509,strong_static_calibrated,16,longrun_eval,schema_drift,8,6,7500,4,16929,2,0,0,2,8,1578,73561,[],0,0,0
20260509,strong_static_calibrated,17,longrun_eval,validator_burst,8,6,7500,4,19013,2,0,0,2,8,1629,93869,[],0,0,0
20260509,strong_static_calibrated,18,longrun_eval,context_budget_burst,8,5,6250,6,23292,3,0,0,3,8,1835,134603,[],0,0,0
20260509,strong_static_calibrated,19,longrun_eval,receipt_family_burst,8,6,7500,4,17931,2,0,0,2,8,1711,82253,[],0,0,0
20260509,strong_static_calibrated,20,longrun_eval,safe_expression_burst,8,6,7500,4,18433,2,0,0,2,8,1615,88230,[],0,0,0
20260510,oasg_adaptive_from_strong,4,longrun_eval,schema_drift,8,4,5000,8,16639,4,0,0,4,8,1533,71101,[],0,0,0
20260510,oasg_adaptive_from_strong,5,longrun_eval,validator_burst,8,6,7500,4,16801,2,0,0,2,8,1622,71811,[],0,0,0
20260510,oasg_adaptive_from_strong,6,longrun_eval,context_budget_burst,8,6,7500,4,17205,2,0,0,2,8,1622,75847,[],0,0,0
20260510,oasg_adaptive_from_strong,7,longrun_eval,receipt_family_burst,8,5,6250,6,21342,3,0,0,3,8,1794,115519,[],0,0,0
20260510,oasg_adaptive_from_strong,8,longrun_eval,safe_expression_burst,8,6,7500,4,19492,2,0,0,2,8,1696,97998,[],0,0,0
20260510,oasg_adaptive_from_strong,9,longrun_eval,recovery,8,5,6250,6,18563,3,0,0,3,8,1615,89529,[],0,0,0
20260510,oasg_adaptive_from_strong,10,longrun_eval,schema_drift,8,6,7500,4,18202,2,0,0,2,8,1667,85380,[],0,0,0
20260510,oasg_adaptive_from_strong,11,longrun_eval,validator_burst,8,6,7500,4,18535,2,0,0,2,8,1623,89156,[],0,0,0
20260510,oasg_adaptive_from_strong,12,longrun_eval,context_budget_burst,8,6,7500,4,17993,2,0,0,2,8,1617,83778,[],0,0,0
20260510,oasg_adaptive_from_strong,13,longrun_eval,receipt_family_burst,8,6,7500,4,17629,2,0,0,2,8,1634,79986,[],0,0,0
20260510,oasg_adaptive_from_strong,14,longrun_eval,safe_expression_burst,8,5,6250,6,21512,3,0,0,3,8,1753,117620,[],0,0,0
20260510,oasg_adaptive_from_strong,15,longrun_eval,recovery,8,4,5000,8,16608,4,0,0,4,8,1535,70761,[],0,0,0
20260510,oasg_adaptive_from_strong,16,longrun_eval,schema_drift,8,4,5000,8,26230,4,0,0,4,8,1973,162606,[],0,0,0
20260510,oasg_adaptive_from_strong,17,longrun_eval,validator_burst,8,6,7500,4,16639,2,0,0,2,8,1533,71091,[],0,0,0
20260510,oasg_adaptive_from_strong,18,longrun_eval,context_budget_burst,8,6,7500,4,17128,2,0,0,2,8,1719,74132,[],0,0,0
20260510,oasg_adaptive_from_strong,19,longrun_eval,receipt_family_burst,8,5,6250,6,17513,3,0,0,3,8,1540,79766,[],0,0,0
20260510,oasg_adaptive_from_strong,20,longrun_eval,safe_expression_burst,8,6,7500,4,16701,2,0,0,2,8,1623,70823,[],0,0,0
20260510,strong_positive_control,4,longrun_eval,schema_drift,8,4,5000,8,16654,4,0,0,4,8,1533,71235,[],0,0,0
20260510,strong_positive_control,5,longrun_eval,validator_burst,8,6,7500,4,16877,2,0,0,2,8,1622,72574,[],0,0,0
20260510,strong_positive_control,6,longrun_eval,context_budget_burst,8,6,7500,4,17161,2,0,0,2,8,1622,75444,[],0,0,0
20260510,strong_positive_control,7,longrun_eval,receipt_family_burst,8,5,6250,6,21358,3,0,0,3,8,1794,115677,[],0,0,0
20260510,strong_positive_control,8,longrun_eval,safe_expression_burst,8,6,7500,4,19579,2,0,0,2,8,1696,98867,[],0,0,0
20260510,strong_positive_control,9,longrun_eval,recovery,8,5,6250,6,18585,3,0,0,3,8,1615,89747,[],0,0,0
20260510,strong_positive_control,10,longrun_eval,schema_drift,8,6,7500,4,18213,2,0,0,2,8,1667,85485,[],0,0,0
20260510,strong_positive_control,11,longrun_eval,validator_burst,8,6,7500,4,18542,2,0,0,2,8,1623,89225,[],0,0,0
20260510,strong_positive_control,12,longrun_eval,context_budget_burst,8,6,7500,4,17999,2,0,0,2,8,1617,83868,[],0,0,0
20260510,strong_positive_control,13,longrun_eval,receipt_family_burst,8,6,7500,4,17531,2,0,0,2,8,1634,79019,[],0,0,0
20260510,strong_positive_control,14,longrun_eval,safe_expression_burst,8,5,6250,6,21433,3,0,0,3,8,1753,116849,[],0,0,0
20260510,strong_positive_control,15,longrun_eval,recovery,8,4,5000,8,16602,4,0,0,4,8,1535,70716,[],0,0,0
20260510,strong_positive_control,16,longrun_eval,schema_drift,8,4,5000,8,26072,4,0,0,4,8,1973,161013,[],0,0,0
20260510,strong_positive_control,17,longrun_eval,validator_burst,8,6,7500,4,16651,2,0,0,2,8,1533,71223,[],0,0,0
20260510,strong_positive_control,18,longrun_eval,context_budget_burst,8,6,7500,4,17469,2,0,0,2,8,1719,77560,[],0,0,0
20260510,strong_positive_control,19,longrun_eval,receipt_family_burst,8,5,6250,6,17729,3,0,0,3,8,1540,81922,[],0,0,0
20260510,strong_positive_control,20,longrun_eval,safe_expression_burst,8,6,7500,4,16729,2,0,0,2,8,1623,71095,[],0,0,0
20260510,strong_rule_adaptive_control,4,longrun_eval,schema_drift,8,4,5000,8,16655,4,0,0,4,8,1533,71249,[],0,0,0
20260510,strong_rule_adaptive_control,5,longrun_eval,validator_burst,8,6,7500,4,16800,2,0,0,2,8,1622,71820,[],0,0,0
20260510,strong_rule_adaptive_control,6,longrun_eval,context_budget_burst,8,6,7500,4,17148,2,0,0,2,8,1622,75292,[],0,0,0
20260510,strong_rule_adaptive_control,7,longrun_eval,receipt_family_burst,8,5,6250,6,21299,3,0,0,3,8,1794,115089,[],0,0,0
20260510,strong_rule_adaptive_control,8,longrun_eval,safe_expression_burst,8,6,7500,4,19504,2,0,0,2,8,1696,98124,[],0,0,0
20260510,strong_rule_adaptive_control,9,longrun_eval,recovery,8,5,6250,6,18604,3,0,0,3,8,1615,89924,[],0,0,0
20260510,strong_rule_adaptive_control,10,longrun_eval,schema_drift,8,6,7500,4,18255,2,0,0,2,8,1667,85909,[],0,0,0
20260510,strong_rule_adaptive_control,11,longrun_eval,validator_burst,8,6,7500,4,18531,2,0,0,2,8,1623,89124,[],0,0,0
20260510,strong_rule_adaptive_control,12,longrun_eval,context_budget_burst,8,6,7500,4,18000,2,0,0,2,8,1617,83862,[],0,0,0
20260510,strong_rule_adaptive_control,13,longrun_eval,receipt_family_burst,8,6,7500,4,17711,2,0,0,2,8,1634,80798,[],0,0,0
20260510,strong_rule_adaptive_control,14,longrun_eval,safe_expression_burst,8,5,6250,6,21572,3,0,0,3,8,1753,118227,[],0,0,0
20260510,strong_rule_adaptive_control,15,longrun_eval,recovery,8,4,5000,8,16598,4,0,0,4,8,1535,70680,[],0,0,0
20260510,strong_rule_adaptive_control,16,longrun_eval,schema_drift,8,4,5000,8,26227,4,0,0,4,8,1973,162569,[],0,0,0
20260510,strong_rule_adaptive_control,17,longrun_eval,validator_burst,8,6,7500,4,16648,2,0,0,2,8,1533,71194,[],0,0,0
20260510,strong_rule_adaptive_control,18,longrun_eval,context_budget_burst,8,6,7500,4,17134,2,0,0,2,8,1719,74185,[],0,0,0
20260510,strong_rule_adaptive_control,19,longrun_eval,receipt_family_burst,8,5,6250,6,17493,3,0,0,3,8,1540,79564,[],0,0,0
20260510,strong_rule_adaptive_control,20,longrun_eval,safe_expression_burst,8,6,7500,4,16665,2,0,0,2,8,1623,70453,[],0,0,0
20260510,strong_static_calibrated,4,longrun_eval,schema_drift,8,4,5000,8,16814,4,0,0,4,8,1533,72834,[],0,0,0
20260510,strong_static_calibrated,5,longrun_eval,validator_burst,8,6,7500,4,16840,2,0,0,2,8,1622,72212,[],0,0,0
20260510,strong_static_calibrated,6,longrun_eval,context_budget_burst,8,6,7500,4,17169,2,0,0,2,8,1622,75504,[],0,0,0
20260510,strong_static_calibrated,7,longrun_eval,receipt_family_burst,8,5,6250,6,21407,3,0,0,3,8,1794,116166,[],0,0,0
20260510,strong_static_calibrated,8,longrun_eval,safe_expression_burst,8,6,7500,4,19515,2,0,0,2,8,1696,98214,[],0,0,0
20260510,strong_static_calibrated,9,longrun_eval,recovery,8,5,6250,6,18591,3,0,0,3,8,1615,89800,[],0,0,0
20260510,strong_static_calibrated,10,longrun_eval,schema_drift,8,6,7500,4,18275,2,0,0,2,8,1667,86107,[],0,0,0
20260510,strong_static_calibrated,11,longrun_eval,validator_burst,8,6,7500,4,18580,2,0,0,2,8,1623,89603,[],0,0,0
20260510,strong_static_calibrated,12,longrun_eval,context_budget_burst,8,6,7500,4,17990,2,0,0,2,8,1617,83771,[],0,0,0
20260510,strong_static_calibrated,13,longrun_eval,receipt_family_burst,8,6,7500,4,17524,2,0,0,2,8,1634,78925,[],0,0,0
20260510,strong_static_calibrated,14,longrun_eval,safe_expression_burst,8,5,6250,6,21472,3,0,0,3,8,1753,117236,[],0,0,0
20260510,strong_static_calibrated,15,longrun_eval,recovery,8,4,5000,8,16611,4,0,0,4,8,1535,70793,[],0,0,0
20260510,strong_static_calibrated,16,longrun_eval,schema_drift,8,4,5000,8,26047,4,0,0,4,8,1973,160783,[],0,0,0
20260510,strong_static_calibrated,17,longrun_eval,validator_burst,8,6,7500,4,16645,2,0,0,2,8,1533,71153,[],0,0,0
20260510,strong_static_calibrated,18,longrun_eval,context_budget_burst,8,6,7500,4,17194,2,0,0,2,8,1719,74789,[],0,0,0
20260510,strong_static_calibrated,19,longrun_eval,receipt_family_burst,8,5,6250,6,17565,3,0,0,3,8,1540,80285,[],0,0,0
20260510,strong_static_calibrated,20,longrun_eval,safe_expression_burst,8,6,7500,4,16664,2,0,0,2,8,1623,70458,[],0,0,0
20260511,oasg_adaptive_from_strong,4,longrun_eval,schema_drift,8,5,6250,6,17748,3,0,0,3,8,1579,81728,[],0,0,0
20260511,oasg_adaptive_from_strong,5,longrun_eval,validator_burst,8,5,6250,6,16683,3,0,0,3,8,1525,71617,[],0,0,0
20260511,oasg_adaptive_from_strong,6,longrun_eval,context_budget_burst,8,4,5000,8,21416,4,0,0,4,8,1748,116713,[],0,0,0
20260511,oasg_adaptive_from_strong,7,longrun_eval,receipt_family_burst,8,5,6250,6,16812,3,0,0,3,8,1573,72425,[],0,0,0
20260511,oasg_adaptive_from_strong,8,longrun_eval,safe_expression_burst,8,5,6250,6,21591,3,0,0,3,8,1794,118006,[],0,0,0
20260511,oasg_adaptive_from_strong,9,longrun_eval,recovery,8,5,6250,6,16915,3,0,0,3,8,1525,73957,[],0,0,0
20260511,oasg_adaptive_from_strong,10,longrun_eval,schema_drift,8,6,7500,4,18507,2,0,0,2,8,1658,88527,[],0,0,0
20260511,oasg_adaptive_from_strong,11,longrun_eval,validator_burst,8,5,6250,6,16848,3,0,0,3,8,1579,72716,[],0,0,0
20260511,oasg_adaptive_from_strong,12,longrun_eval,context_budget_burst,8,6,7500,4,18000,2,0,0,2,8,1661,83431,[],0,0,0
20260511,oasg_adaptive_from_strong,13,longrun_eval,receipt_family_burst,8,6,7500,4,16830,2,0,0,2,8,1673,71607,[],0,0,0
20260511,oasg_adaptive_from_strong,14,longrun_eval,safe_expression_burst,8,5,6250,6,16789,3,0,0,3,8,1534,72584,[],0,0,0
20260511,oasg_adaptive_from_strong,15,longrun_eval,recovery,8,5,6250,6,21636,3,0,0,3,8,1759,118814,[],0,0,0
20260511,oasg_adaptive_from_strong,16,longrun_eval,schema_drift,8,6,7500,4,19060,2,0,0,2,8,1715,93474,[],0,0,0
20260511,oasg_adaptive_from_strong,17,longrun_eval,validator_burst,8,6,7500,4,18766,2,0,0,2,8,1616,91533,[],0,0,0
20260511,oasg_adaptive_from_strong,18,longrun_eval,context_budget_burst,8,6,7500,4,16899,2,0,0,2,8,1627,72761,[],0,0,0
20260511,oasg_adaptive_from_strong,19,longrun_eval,receipt_family_burst,8,7,8750,2,17983,1,0,0,1,8,1715,82708,[],0,0,0
20260511,oasg_adaptive_from_strong,20,longrun_eval,safe_expression_burst,8,6,7500,4,16568,2,0,0,2,8,1533,70391,[],0,0,0
20260511,strong_positive_control,4,longrun_eval,schema_drift,8,5,6250,6,17574,3,0,0,3,8,1579,79988,[],0,0,0
20260511,strong_positive_control,5,longrun_eval,validator_burst,8,5,6250,6,16612,3,0,0,3,8,1525,70896,[],0,0,0
20260511,strong_positive_control,6,longrun_eval,context_budget_burst,8,4,5000,8,21246,4,0,0,4,8,1748,115015,[],0,0,0
20260511,strong_positive_control,7,longrun_eval,receipt_family_burst,8,5,6250,6,16744,3,0,0,3,8,1573,71739,[],0,0,0
20260511,strong_positive_control,8,longrun_eval,safe_expression_burst,8,5,6250,6,21833,3,0,0,3,8,1794,120418,[],0,0,0
20260511,strong_positive_control,9,longrun_eval,recovery,8,5,6250,6,16993,3,0,0,3,8,1525,74710,[],0,0,0
20260511,strong_positive_control,10,longrun_eval,schema_drift,8,6,7500,4,18524,2,0,0,2,8,1658,88685,[],0,0,0
20260511,strong_positive_control,11,longrun_eval,validator_burst,8,5,6250,6,16812,3,0,0,3,8,1579,72375,[],0,0,0
20260511,strong_positive_control,12,longrun_eval,context_budget_burst,8,6,7500,4,18031,2,0,0,2,8,1661,83743,[],0,0,0
20260511,strong_positive_control,13,longrun_eval,receipt_family_burst,8,6,7500,4,16753,2,0,0,2,8,1673,70857,[],0,0,0
20260511,strong_positive_control,14,longrun_eval,safe_expression_burst,8,5,6250,6,16913,3,0,0,3,8,1534,73826,[],0,0,0
20260511,strong_positive_control,15,longrun_eval,recovery,8,5,6250,6,21673,3,0,0,3,8,1759,119186,[],0,0,0
20260511,strong_positive_control,16,longrun_eval,schema_drift,8,6,7500,4,19026,2,0,0,2,8,1715,93136,[],0,0,0
20260511,strong_positive_control,17,longrun_eval,validator_burst,8,6,7500,4,18423,2,0,0,2,8,1616,88108,[],0,0,0
20260511,strong_positive_control,18,longrun_eval,context_budget_burst,8,6,7500,4,16683,2,0,0,2,8,1627,70601,[],0,0,0
20260511,strong_positive_control,19,longrun_eval,receipt_family_burst,8,7,8750,2,17879,1,0,0,1,8,1715,81675,[],0,0,0
20260511,strong_positive_control,20,longrun_eval,safe_expression_burst,8,6,7500,4,16836,2,0,0,2,8,1533,73069,[],0,0,0
20260511,strong_rule_adaptive_control,4,longrun_eval,schema_drift,8,5,6250,6,17504,3,0,0,3,8,1579,79283,[],0,0,0
20260511,strong_rule_adaptive_control,5,longrun_eval,validator_burst,8,5,6250,6,16528,3,0,0,3,8,1525,70073,[],0,0,0
20260511,strong_rule_adaptive_control,6,longrun_eval,context_budget_burst,8,4,5000,8,21209,4,0,0,4,8,1748,114645,[],0,0,0
20260511,strong_rule_adaptive_control,7,longrun_eval,receipt_family_burst,8,5,6250,6,16696,3,0,0,3,8,1573,71267,[],0,0,0
20260511,strong_rule_adaptive_control,8,longrun_eval,safe_expression_burst,8,5,6250,6,21426,3,0,0,3,8,1794,116362,[],0,0,0
20260511,strong_rule_adaptive_control,9,longrun_eval,recovery,8,5,6250,6,16804,3,0,0,3,8,1525,72818,[],0,0,0
20260511,strong_rule_adaptive_control,10,longrun_eval,schema_drift,8,6,7500,4,18826,2,0,0,2,8,1658,91710,[],0,0,0
20260511,strong_rule_adaptive_control,11,longrun_eval,validator_burst,8,5,6250,6,16865,3,0,0,3,8,1579,72883,[],0,0,0
20260511,strong_rule_adaptive_control,12,longrun_eval,context_budget_burst,8,6,7500,4,18302,2,0,0,2,8,1661,86464,[],0,0,0
20260511,strong_rule_adaptive_control,13,longrun_eval,receipt_family_burst,8,6,7500,4,16907,2,0,0,2,8,1673,72375,[],0,0,0
20260511,strong_rule_adaptive_control,14,longrun_eval,safe_expression_burst,8,5,6250,6,16928,3,0,0,3,8,1534,73972,[],0,0,0
20260511,strong_rule_adaptive_control,15,longrun_eval,recovery,8,5,6250,6,21755,3,0,0,3,8,1759,119983,[],0,0,0
20260511,strong_rule_adaptive_control,16,longrun_eval,schema_drift,8,6,7500,4,19075,2,0,0,2,8,1715,93630,[],0,0,0
20260511,strong_rule_adaptive_control,17,longrun_eval,validator_burst,8,6,7500,4,18596,2,0,0,2,8,1616,89826,[],0,0,0
20260511,strong_rule_adaptive_control,18,longrun_eval,context_budget_burst,8,6,7500,4,16732,2,0,0,2,8,1627,71087,[],0,0,0
20260511,strong_rule_adaptive_control,19,longrun_eval,receipt_family_burst,8,7,8750,2,17894,1,0,0,1,8,1715,81833,[],0,0,0
20260511,strong_rule_adaptive_control,20,longrun_eval,safe_expression_burst,8,6,7500,4,16555,2,0,0,2,8,1533,70253,[],0,0,0
20260511,strong_static_calibrated,4,longrun_eval,schema_drift,8,5,6250,6,17628,3,0,0,3,8,1579,80538,[],0,0,0
20260511,strong_static_calibrated,5,longrun_eval,validator_burst,8,5,6250,6,16585,3,0,0,3,8,1525,70644,[],0,0,0
20260511,strong_static_calibrated,6,longrun_eval,context_budget_burst,8,4,5000,8,21181,4,0,0,4,8,1748,114362,[],0,0,0
20260511,strong_static_calibrated,7,longrun_eval,receipt_family_burst,8,5,6250,6,16640,3,0,0,3,8,1573,70709,[],0,0,0
20260511,strong_static_calibrated,8,longrun_eval,safe_expression_burst,8,5,6250,6,21443,3,0,0,3,8,1794,116533,[],0,0,0
20260511,strong_static_calibrated,9,longrun_eval,recovery,8,5,6250,6,16972,3,0,0,3,8,1525,74496,[],0,0,0
20260511,strong_static_calibrated,10,longrun_eval,schema_drift,8,6,7500,4,18500,2,0,0,2,8,1658,88452,[],0,0,0
20260511,strong_static_calibrated,11,longrun_eval,validator_burst,8,5,6250,6,16838,3,0,0,3,8,1579,72630,[],0,0,0
20260511,strong_static_calibrated,12,longrun_eval,context_budget_burst,8,6,7500,4,18245,2,0,0,2,8,1661,85858,[],0,0,0
20260511,strong_static_calibrated,13,longrun_eval,receipt_family_burst,8,6,7500,4,16997,2,0,0,2,8,1673,73276,[],0,0,0
20260511,strong_static_calibrated,14,longrun_eval,safe_expression_burst,8,5,6250,6,16877,3,0,0,3,8,1534,73450,[],0,0,0
20260511,strong_static_calibrated,15,longrun_eval,recovery,8,5,6250,6,21734,3,0,0,3,8,1759,119796,[],0,0,0
20260511,strong_static_calibrated,16,longrun_eval,schema_drift,8,6,7500,4,19041,2,0,0,2,8,1715,93285,[],0,0,0
20260511,strong_static_calibrated,17,longrun_eval,validator_burst,8,6,7500,4,18514,2,0,0,2,8,1616,89017,[],0,0,0
20260511,strong_static_calibrated,18,longrun_eval,context_budget_burst,8,6,7500,4,16807,2,0,0,2,8,1627,71847,[],0,0,0
20260511,strong_static_calibrated,19,longrun_eval,receipt_family_burst,8,7,8750,2,18056,1,0,0,1,8,1715,83448,[],0,0,0
20260511,strong_static_calibrated,20,longrun_eval,safe_expression_burst,8,6,7500,4,16807,2,0,0,2,8,1533,72767,[],0,0,0
20260512,oasg_adaptive_from_strong,4,longrun_eval,schema_drift,8,5,6250,6,16633,3,0,0,3,8,1572,70635,[],0,0,0
20260512,oasg_adaptive_from_strong,5,longrun_eval,validator_burst,8,5,6250,6,16858,3,0,0,3,8,1622,72397,[],0,0,0
20260512,oasg_adaptive_from_strong,6,longrun_eval,context_budget_burst,8,5,6250,6,17491,3,0,0,3,8,1579,79152,[],0,0,0
20260512,oasg_adaptive_from_strong,7,longrun_eval,receipt_family_burst,8,5,6250,6,21569,3,0,0,3,8,1841,117332,[],0,0,0
20260512,oasg_adaptive_from_strong,8,longrun_eval,safe_expression_burst,8,6,7500,4,19218,2,0,0,2,8,1719,95014,[],0,0,0
20260512,oasg_adaptive_from_strong,9,longrun_eval,recovery,8,5,6250,6,21431,3,0,0,3,8,1793,116418,[],0,0,0
20260512,oasg_adaptive_from_strong,10,longrun_eval,schema_drift,8,5,6250,6,21460,3,0,0,3,8,1798,116652,[],0,0,0
20260512,oasg_adaptive_from_strong,11,longrun_eval,validator_burst,8,5,6250,6,16594,3,0,0,3,8,1628,69695,[],0,0,0
20260512,oasg_adaptive_from_strong,12,longrun_eval,context_budget_burst,8,4,5000,8,16609,4,0,0,4,8,1532,70796,[],0,0,0
20260512,oasg_adaptive_from_strong,13,longrun_eval,receipt_family_burst,8,4,5000,8,16682,4,0,0,4,8,1532,71527,[],0,0,0
20260512,oasg_adaptive_from_strong,14,longrun_eval,safe_expression_burst,8,6,7500,4,18029,2,0,0,2,8,1717,83172,[],0,0,0
20260512,oasg_adaptive_from_strong,15,longrun_eval,recovery,8,6,7500,4,18286,2,0,0,2,8,1628,86622,[],0,0,0
20260512,oasg_adaptive_from_strong,16,longrun_eval,schema_drift,8,6,7500,4,18428,2,0,0,2,8,1709,87217,[],0,0,0
20260512,oasg_adaptive_from_strong,17,longrun_eval,validator_burst,8,6,7500,4,19368,2,0,0,2,8,1704,96665,[],0,0,0
20260512,oasg_adaptive_from_strong,18,longrun_eval,context_budget_burst,8,4,5000,8,26590,4,0,0,4,8,1972,166214,[],0,0,0
20260512,oasg_adaptive_from_strong,19,longrun_eval,receipt_family_burst,8,6,7500,4,16831,2,0,0,2,8,1578,72571,[],0,0,0
20260512,oasg_adaptive_from_strong,20,longrun_eval,safe_expression_burst,8,6,7500,4,16833,2,0,0,2,8,1620,72169,[],0,0,0
20260512,strong_positive_control,4,longrun_eval,schema_drift,8,5,6250,6,16625,3,0,0,3,8,1572,70566,[],0,0,0
20260512,strong_positive_control,5,longrun_eval,validator_burst,8,5,6250,6,16861,3,0,0,3,8,1622,72435,[],0,0,0
20260512,strong_positive_control,6,longrun_eval,context_budget_burst,8,5,6250,6,17521,3,0,0,3,8,1579,79463,[],0,0,0
20260512,strong_positive_control,7,longrun_eval,receipt_family_burst,8,5,6250,6,21701,3,0,0,3,8,1841,118646,[],0,0,0
20260512,strong_positive_control,8,longrun_eval,safe_expression_burst,8,6,7500,4,19102,2,0,0,2,8,1719,93874,[],0,0,0
20260512,strong_positive_control,9,longrun_eval,recovery,8,5,6250,6,21199,3,0,0,3,8,1793,114108,[],0,0,0
20260512,strong_positive_control,10,longrun_eval,schema_drift,8,5,6250,6,21674,3,0,0,3,8,1798,118796,[],0,0,0
20260512,strong_positive_control,11,longrun_eval,validator_burst,8,5,6250,6,16602,3,0,0,3,8,1628,69781,[],0,0,0
20260512,strong_positive_control,12,longrun_eval,context_budget_burst,8,4,5000,8,16599,4,0,0,4,8,1532,70715,[],0,0,0
20260512,strong_positive_control,13,longrun_eval,receipt_family_burst,8,4,5000,8,16644,4,0,0,4,8,1532,71156,[],0,0,0
20260512,strong_positive_control,14,longrun_eval,safe_expression_burst,8,6,7500,4,18078,2,0,0,2,8,1717,83655,[],0,0,0
20260512,strong_positive_control,15,longrun_eval,recovery,8,6,7500,4,18250,2,0,0,2,8,1628,86264,[],0,0,0
20260512,strong_positive_control,16,longrun_eval,schema_drift,8,6,7500,4,18245,2,0,0,2,8,1709,85414,[],0,0,0
20260512,strong_positive_control,17,longrun_eval,validator_burst,8,6,7500,4,19287,2,0,0,2,8,1704,95873,[],0,0,0
20260512,strong_positive_control,18,longrun_eval,context_budget_burst,8,4,5000,8,26399,4,0,0,4,8,1972,164296,[],0,0,0
20260512,strong_positive_control,19,longrun_eval,receipt_family_burst,8,6,7500,4,16900,2,0,0,2,8,1578,73256,[],0,0,0
20260512,strong_positive_control,20,longrun_eval,safe_expression_burst,8,6,7500,4,16801,2,0,0,2,8,1620,71840,[],0,0,0
20260512,strong_rule_adaptive_control,4,longrun_eval,schema_drift,8,5,6250,6,16606,3,0,0,3,8,1572,70378,[],0,0,0
20260512,strong_rule_adaptive_control,5,longrun_eval,validator_burst,8,5,6250,6,16985,3,0,0,3,8,1622,73667,[],0,0,0
20260512,strong_rule_adaptive_control,6,longrun_eval,context_budget_burst,8,5,6250,6,17486,3,0,0,3,8,1579,79122,[],0,0,0
20260512,strong_rule_adaptive_control,7,longrun_eval,receipt_family_burst,8,5,6250,6,21676,3,0,0,3,8,1841,118378,[],0,0,0
20260512,strong_rule_adaptive_control,8,longrun_eval,safe_expression_burst,8,6,7500,4,19104,2,0,0,2,8,1719,93882,[],0,0,0
20260512,strong_rule_adaptive_control,9,longrun_eval,recovery,8,5,6250,6,21369,3,0,0,3,8,1793,115797,[],0,0,0
20260512,strong_rule_adaptive_control,10,longrun_eval,schema_drift,8,5,6250,6,21688,3,0,0,3,8,1798,118933,[],0,0,0
20260512,strong_rule_adaptive_control,11,longrun_eval,validator_burst,8,5,6250,6,16632,3,0,0,3,8,1628,70072,[],0,0,0
20260512,strong_rule_adaptive_control,12,longrun_eval,context_budget_burst,8,4,5000,8,16600,4,0,0,4,8,1532,70708,[],0,0,0
20260512,strong_rule_adaptive_control,13,longrun_eval,receipt_family_burst,8,4,5000,8,16640,4,0,0,4,8,1532,71121,[],0,0,0
20260512,strong_rule_adaptive_control,14,longrun_eval,safe_expression_burst,8,6,7500,4,18213,2,0,0,2,8,1717,84999,[],0,0,0
20260512,strong_rule_adaptive_control,15,longrun_eval,recovery,8,6,7500,4,18263,2,0,0,2,8,1628,86386,[],0,0,0
20260512,strong_rule_adaptive_control,16,longrun_eval,schema_drift,8,6,7500,4,18240,2,0,0,2,8,1709,85355,[],0,0,0
20260512,strong_rule_adaptive_control,17,longrun_eval,validator_burst,8,6,7500,4,19372,2,0,0,2,8,1704,96723,[],0,0,0
20260512,strong_rule_adaptive_control,18,longrun_eval,context_budget_burst,8,4,5000,8,26628,4,0,0,4,8,1972,166591,[],0,0,0
20260512,strong_rule_adaptive_control,19,longrun_eval,receipt_family_burst,8,6,7500,4,16993,2,0,0,2,8,1578,74180,[],0,0,0
20260512,strong_rule_adaptive_control,20,longrun_eval,safe_expression_burst,8,6,7500,4,17026,2,0,0,2,8,1620,74106,[],0,0,0
20260512,strong_static_calibrated,4,longrun_eval,schema_drift,8,5,6250,6,16701,3,0,0,3,8,1572,71309,[],0,0,0
20260512,strong_static_calibrated,5,longrun_eval,validator_burst,8,5,6250,6,16931,3,0,0,3,8,1622,73134,[],0,0,0
20260512,strong_static_calibrated,6,longrun_eval,context_budget_burst,8,5,6250,6,17525,3,0,0,3,8,1579,79500,[],0,0,0
20260512,strong_static_calibrated,7,longrun_eval,receipt_family_burst,8,5,6250,6,21545,3,0,0,3,8,1841,117080,[],0,0,0
20260512,strong_static_calibrated,8,longrun_eval,safe_expression_burst,8,6,7500,4,19051,2,0,0,2,8,1719,93342,[],0,0,0
20260512,strong_static_calibrated,9,longrun_eval,recovery,8,5,6250,6,21316,3,0,0,3,8,1793,115276,[],0,0,0
20260512,strong_static_calibrated,10,longrun_eval,schema_drift,8,5,6250,6,21942,3,0,0,3,8,1798,121466,[],0,0,0
20260512,strong_static_calibrated,11,longrun_eval,validator_burst,8,5,6250,6,16661,3,0,0,3,8,1628,70357,[],0,0,0
20260512,strong_static_calibrated,12,longrun_eval,context_budget_burst,8,4,5000,8,16676,4,0,0,4,8,1532,71481,[],0,0,0
20260512,strong_static_calibrated,13,longrun_eval,receipt_family_burst,8,4,5000,8,16741,4,0,0,4,8,1532,72138,[],0,0,0
20260512,strong_static_calibrated,14,longrun_eval,safe_expression_burst,8,6,7500,4,18062,2,0,0,2,8,1717,83483,[],0,0,0
20260512,strong_static_calibrated,15,longrun_eval,recovery,8,6,7500,4,18261,2,0,0,2,8,1628,86368,[],0,0,0
20260512,strong_static_calibrated,16,longrun_eval,schema_drift,8,6,7500,4,18324,2,0,0,2,8,1709,86182,[],0,0,0
20260512,strong_static_calibrated,17,longrun_eval,validator_burst,8,6,7500,4,19252,2,0,0,2,8,1704,95517,[],0,0,0
20260512,strong_static_calibrated,18,longrun_eval,context_budget_burst,8,4,5000,8,26519,4,0,0,4,8,1972,165515,[],0,0,0
20260512,strong_static_calibrated,19,longrun_eval,receipt_family_burst,8,6,7500,4,16840,2,0,0,2,8,1578,72665,[],0,0,0
20260512,strong_static_calibrated,20,longrun_eval,safe_expression_burst,8,6,7500,4,16771,2,0,0,2,8,1620,71545,[],0,0,0
20260513,oasg_adaptive_from_strong,4,longrun_eval,schema_drift,8,6,7500,4,17308,2,0,0,2,8,1621,76909,[],0,0,0
20260513,oasg_adaptive_from_strong,5,longrun_eval,validator_burst,8,4,5000,8,21250,4,0,0,4,8,1748,115054,[],0,0,0
20260513,oasg_adaptive_from_strong,6,longrun_eval,context_budget_burst,8,6,7500,4,16636,2,0,0,2,8,1622,70170,[],0,0,0
20260513,oasg_adaptive_from_strong,7,longrun_eval,receipt_family_burst,8,6,7500,4,17510,2,0,0,2,8,1675,78371,[],0,0,0
20260513,oasg_adaptive_from_strong,8,longrun_eval,safe_expression_burst,8,6,7500,4,18233,2,0,0,2,8,1663,85735,[],0,0,0
20260513,oasg_adaptive_from_strong,9,longrun_eval,recovery,8,6,7500,4,16758,2,0,0,2,8,1668,70938,[],0,0,0
20260513,oasg_adaptive_from_strong,10,longrun_eval,schema_drift,8,5,6250,6,22768,3,0,0,3,8,1842,129296,[],0,0,0
20260513,oasg_adaptive_from_strong,11,longrun_eval,validator_burst,8,5,6250,6,16738,3,0,0,3,8,1531,72102,[],0,0,0
20260513,oasg_adaptive_from_strong,12,longrun_eval,context_budget_burst,8,5,6250,6,17224,3,0,0,3,8,1635,75905,[],0,0,0
20260513,oasg_adaptive_from_strong,13,longrun_eval,receipt_family_burst,8,6,7500,4,16897,2,0,0,2,8,1672,72265,[],0,0,0
20260513,oasg_adaptive_from_strong,14,longrun_eval,safe_expression_burst,8,6,7500,4,16893,2,0,0,2,8,1530,73657,[],0,0,0
20260513,oasg_adaptive_from_strong,15,longrun_eval,recovery,8,5,6250,8,27253,3,2,0,3,8,1396,178605,[],0,0,0
20260513,oasg_adaptive_from_strong,16,longrun_eval,schema_drift,8,6,7500,4,18258,2,0,0,2,8,1670,85926,[],0,0,0
20260513,oasg_adaptive_from_strong,17,longrun_eval,validator_burst,8,5,6250,6,23520,3,0,0,3,8,1752,137717,[],0,0,0
20260513,oasg_adaptive_from_strong,18,longrun_eval,context_budget_burst,8,6,7500,4,22371,2,0,0,2,8,1674,127008,[],0,0,0
20260513,oasg_adaptive_from_strong,19,longrun_eval,receipt_family_burst,8,6,7500,4,18317,2,0,0,2,8,1533,87876,[],0,0,0
20260513,oasg_adaptive_from_strong,20,longrun_eval,safe_expression_burst,8,5,6250,6,19591,3,0,0,3,8,1611,99840,[],0,0,0
20260513,strong_positive_control,4,longrun_eval,schema_drift,8,6,7500,4,17313,2,0,0,2,8,1621,76960,[],0,0,0
20260513,strong_positive_control,5,longrun_eval,validator_burst,8,4,5000,8,21234,4,0,0,4,8,1748,114890,[],0,0,0
20260513,strong_positive_control,6,longrun_eval,context_budget_burst,8,6,7500,4,16609,2,0,0,2,8,1622,69911,[],0,0,0
20260513,strong_positive_control,7,longrun_eval,receipt_family_burst,8,6,7500,4,17498,2,0,0,2,8,1675,78258,[],0,0,0
20260513,strong_positive_control,8,longrun_eval,safe_expression_burst,8,6,7500,4,18236,2,0,0,2,8,1663,85778,[],0,0,0
20260513,strong_positive_control,9,longrun_eval,recovery,8,6,7500,4,16662,2,0,0,2,8,1668,69991,[],0,0,0
20260513,strong_positive_control,10,longrun_eval,schema_drift,8,5,6250,6,22767,3,0,0,3,8,1842,129292,[],0,0,0
20260513,strong_positive_control,11,longrun_eval,validator_burst,8,5,6250,6,16789,3,0,0,3,8,1531,72614,[],0,0,0
20260513,strong_positive_control,12,longrun_eval,context_budget_burst,8,5,6250,6,17405,3,0,0,3,8,1635,77729,[],0,0,0
20260513,strong_positive_control,13,longrun_eval,receipt_family_burst,8,6,7500,4,16959,2,0,0,2,8,1672,72903,[],0,0,0
20260513,strong_positive_control,14,longrun_eval,safe_expression_burst,8,6,7500,4,16769,2,0,0,2,8,1530,72429,[],0,0,0
20260513,strong_positive_control,15,longrun_eval,recovery,8,5,6250,6,23451,3,0,0,3,8,1842,136111,[],0,0,0
20260513,strong_positive_control,16,longrun_eval,schema_drift,8,6,7500,4,17337,2,0,0,2,8,1670,76708,[],0,0,0
20260513,strong_positive_control,17,longrun_eval,validator_burst,8,5,6250,6,21521,3,0,0,3,8,1752,117725,[],0,0,0
20260513,strong_positive_control,18,longrun_eval,context_budget_burst,8,6,7500,4,19619,2,0,0,2,8,1674,99478,[],0,0,0
20260513,strong_positive_control,19,longrun_eval,receipt_family_burst,8,6,7500,4,16597,2,0,0,2,8,1533,70688,[],0,0,0
20260513,strong_positive_control,20,longrun_eval,safe_expression_burst,8,5,6250,6,18202,3,0,0,3,8,1611,85937,[],0,0,0
20260513,strong_rule_adaptive_control,4,longrun_eval,schema_drift,8,6,7500,5,19379,2,1,0,2,8,1398,99842,[],0,0,0
20260513,strong_rule_adaptive_control,5,longrun_eval,validator_burst,8,4,5000,10,24518,4,2,0,4,8,1302,152196,[],0,0,0
20260513,strong_rule_adaptive_control,6,longrun_eval,context_budget_burst,8,6,7500,5,18698,2,1,0,2,8,1399,93018,[],0,0,0
20260513,strong_rule_adaptive_control,7,longrun_eval,receipt_family_burst,8,6,7500,5,19806,2,1,0,2,8,1452,103583,[],0,0,0
20260513,strong_rule_adaptive_control,8,longrun_eval,safe_expression_burst,8,6,7500,5,20702,2,1,0,2,8,1440,112666,[],0,0,0
20260513,strong_rule_adaptive_control,9,longrun_eval,recovery,8,6,7500,4,18346,2,0,0,2,8,1668,86829,[],0,0,0
20260513,strong_rule_adaptive_control,10,longrun_eval,schema_drift,8,5,6250,6,24239,3,0,0,3,8,1842,143999,[],0,0,0
20260513,strong_rule_adaptive_control,11,longrun_eval,validator_burst,8,5,6250,6,17605,3,0,0,3,8,1531,80790,[],0,0,0
20260513,strong_rule_adaptive_control,12,longrun_eval,context_budget_burst,8,5,6250,6,18075,3,0,0,3,8,1635,84442,[],0,0,0
20260513,strong_rule_adaptive_control,13,longrun_eval,receipt_family_burst,8,6,7500,4,17754,2,0,0,2,8,1672,80861,[],0,0,0
20260513,strong_rule_adaptive_control,14,longrun_eval,safe_expression_burst,8,6,7500,4,17876,2,0,0,2,8,1530,83484,[],0,0,0
20260513,strong_rule_adaptive_control,15,longrun_eval,recovery,8,5,6250,6,24689,3,0,0,3,8,1842,148507,[],0,0,0
20260513,strong_rule_adaptive_control,16,longrun_eval,schema_drift,8,6,7500,4,17853,2,0,0,2,8,1670,81853,[],0,0,0
20260513,strong_rule_adaptive_control,17,longrun_eval,validator_burst,8,5,6250,6,24473,3,0,0,3,8,1752,147238,[],0,0,0
20260513,strong_rule_adaptive_control,18,longrun_eval,context_budget_burst,8,6,7500,4,21284,2,0,0,2,8,1674,116135,[],0,0,0
20260513,strong_rule_adaptive_control,19,longrun_eval,receipt_family_burst,8,6,7500,4,17535,2,0,0,2,8,1533,80052,[],0,0,0
20260513,strong_rule_adaptive_control,20,longrun_eval,safe_expression_burst,8,5,6250,6,19252,3,0,0,3,8,1611,96454,[],0,0,0
20260513,strong_static_calibrated,4,longrun_eval,schema_drift,8,6,7500,4,17279,2,0,0,2,8,1621,76612,[],0,0,0
20260513,strong_static_calibrated,5,longrun_eval,validator_burst,8,4,5000,8,21382,4,0,0,4,8,1748,116378,[],0,0,0
20260513,strong_static_calibrated,6,longrun_eval,context_budget_burst,8,6,7500,4,16693,2,0,0,2,8,1622,70743,[],0,0,0
20260513,strong_static_calibrated,7,longrun_eval,receipt_family_burst,8,6,7500,4,17540,2,0,0,2,8,1675,78680,[],0,0,0
20260513,strong_static_calibrated,8,longrun_eval,safe_expression_burst,8,6,7500,4,18249,2,0,0,2,8,1663,85905,[],0,0,0
20260513,strong_static_calibrated,9,longrun_eval,recovery,8,6,7500,4,16695,2,0,0,2,8,1668,70304,[],0,0,0
20260513,strong_static_calibrated,10,longrun_eval,schema_drift,8,5,6250,6,22860,3,0,0,3,8,1842,130210,[],0,0,0
20260513,strong_static_calibrated,11,longrun_eval,validator_burst,8,5,6250,6,16698,3,0,0,3,8,1531,71709,[],0,0,0
20260513,strong_static_calibrated,12,longrun_eval,context_budget_burst,8,5,6250,6,17217,3,0,0,3,8,1635,75867,[],0,0,0
20260513,strong_static_calibrated,13,longrun_eval,receipt_family_burst,8,6,7500,4,16832,2,0,0,2,8,1672,71628,[],0,0,0
20260513,strong_static_calibrated,14,longrun_eval,safe_expression_burst,8,6,7500,4,16679,2,0,0,2,8,1530,71532,[],0,0,0
20260513,strong_static_calibrated,15,longrun_eval,recovery,8,5,6250,6,23409,3,0,0,3,8,1842,135719,[],0,0,0
20260513,strong_static_calibrated,16,longrun_eval,schema_drift,8,6,7500,4,16984,2,0,0,2,8,1670,73172,[],0,0,0
20260513,strong_static_calibrated,17,longrun_eval,validator_burst,8,5,6250,6,21393,3,0,0,3,8,1752,116450,[],0,0,0
20260513,strong_static_calibrated,18,longrun_eval,context_budget_burst,8,6,7500,4,19752,2,0,0,2,8,1674,100812,[],0,0,0
20260513,strong_static_calibrated,19,longrun_eval,receipt_family_burst,8,6,7500,4,16619,2,0,0,2,8,1533,70896,[],0,0,0
20260513,strong_static_calibrated,20,longrun_eval,safe_expression_burst,8,5,6250,6,18493,3,0,0,3,8,1611,88852,[],0,0,0
